time,billboard,tree,lake,house,sign,avg,type 
0.5,0,0,0,0,0,542.9459459,flat0
1,0,0,0,0,0,542.9459459,flat0
1.5,0,0,0,0,0,540.5135135,flat0
2,0,0,0,0,0,527.1621622,flat0
2.5,0,0,0,0,0,515.3243243,flat0
3,0,0,0,0,0,508.5945946,flat0
3.5,0,0,0,0,0,499.5945946,flat0
4,0,0,0,0,0,508.1621622,flat0
4.5,0,0,0,0,0,510.8918919,flat0
5,0,0,0,0,0,507.3783784,flat0
5.5,0,0,0,0,0,508.4594595,flat0
6,0,0,0,0,0,509.1891892,flat0
6.5,0,14,0,0,0,511.7297297,flat0
7,0,67,0,0,0,512.7837838,flat0
7.5,0,123,0,0,0,513.2432432,flat0
8,0,144,0,0,0,513.5675676,flat0
8.5,0,149,0,0,0,517.5945946,flat0
9,0,149,0,0,0,520.7297297,flat0
9.5,0,149,0,0,0,521.8648649,flat0
10,0,149,0,0,0,520.1621622,flat0
10.5,0,153,0,0,0,519.4324324,flat0
11,0,156,0,0,0,522.6216216,flat0
11.5,0,157,0,0,0,525.1621622,flat0
12,0,157,0,0,0,525.5135135,flat0
12.5,0,157,0,0,0,524.5675676,flat0
13,0,157,0,0,0,526.9189189,flat0
13.5,0,168,0,0,0,530.4864865,flat0
14,0,169,0,0,0,532.0540541,flat0
14.5,0,169,0,0,0,533.7027027,flat0
15,0,169,0,0,0,534.7567568,flat0
15.5,0,169,0,0,0,535.6486486,flat0
16,0,169,0,0,0,535.6216216,flat0
16.5,0,169,0,0,0,535.5405405,flat0
17,0,169,0,0,0,535.8378378,flat0
17.5,0,170,0,0,0,535.6216216,flat0
18,0,170,0,0,0,536.8918919,flat0
18.5,0,170,0,0,0,540.9459459,flat0
19,0,171,0,0,0,542.5135135,flat0
19.5,0,172,0,0,0,546.4864865,flat0
20,0,173,0,0,0,547.6216216,flat0
20.5,0,174,0,0,0,549.1891892,flat0
21,0,177,0,0,0,548.6216216,flat0
21.5,0,183,0,0,0,549.6216216,flat0
22,0,184,0,0,0,549.5405405,flat0
22.5,0,184,0,0,0,551.5135135,flat0
23,0,184,0,0,0,551.8378378,flat0
23.5,0,186,0,0,0,553.4054054,flat0
24,0,187,0,0,0,552.1081081,flat0
24.5,0,188,0,0,0,553.3243243,flat0
25,0,189,0,0,0,553.6216216,flat0
25.5,0,194,0,0,0,556.4594595,flat0
26,0,196,0,0,0,557.0810811,flat0
26.5,0,200,0,0,0,557.8108108,flat0
27,0,200,0,0,0,559.6486486,flat0
27.5,0,200,0,0,0,564.6486486,flat0
28,0,200,0,0,0,566.0810811,flat0
28.5,0,200,0,0,0,567.2432432,flat0
29,0,200,0,0,0,566.7837838,flat0
29.5,0,200,0,0,0,563.6486486,flat0
30,0,200,0,0,0,561.1621622,flat0
30.5,0,199,0,0,0,555.5675676,flat0
31,0,199,0,0,0,548.0810811,flat0
31.5,0,138,0,0,0,546.7027027,flat0
32,0,53,0,0,0,545.4324324,flat0
32.5,0,0,0,0,0,546.3243243,flat0
33,0,0,0,0,0,546.8918919,flat0
33.5,0,0,0,0,0,547.2432432,flat0
34,0,0,0,0,0,548.7297297,flat0
34.5,0,0,0,0,0,545.0540541,flat0
35,0,0,0,0,0,546.8108108,flat0
35.5,0,0,0,0,0,546.7027027,flat0
36,0,0,0,0,0,547.7567568,flat0
36.5,0,0,0,0,0,546.1891892,flat0
37,0,0,0,0,0,546.8108108,flat0
37.5,0,0,0,0,0,551.7297297,flat0
38,0,0,0,0,0,554.6486486,flat0
38.5,0,0,0,0,0,556.5675676,flat0
39,0,0,0,0,0,557.8918919,flat0
39.5,0,19,0,0,0,558.5675676,flat0
40,0,65,0,0,0,560.9459459,flat0
40.5,0,93,0,0,0,561.1081081,flat0
41,0,150,0,0,0,562.7027027,flat0
41.5,0,219,0,0,0,566.0810811,flat0
42,0,232,0,0,0,577,flat0
42.5,0,241,0,0,0,587.4594595,flat0
43,0,261,0,0,0,595.2972973,flat0
43.5,0,265,0,0,0,604.5405405,flat0
44,0,265,0,0,0,616.9459459,flat0
44.5,0,312,0,0,0,629.6486486,flat0
45,0,482,0,0,0,638.5135135,flat0
45.5,0,575,0,0,0,644.1351351,flat0
46,1,636,0,0,0,641.5135135,flat0
46.5,1,726,0,0,0,620,flat0
47,1,859,0,0,0,557.6756757,flat0
47.5,1,998,0,0,0,502,flat0
48,1,998,0,0,0,434.3513514,flat0
48.5,1,998,0,0,0,398.2972973,flat0
49,1,998,0,0,0,382.027027,flat0
49.5,1,998,0,0,0,375.0540541,flat0
50,1,998,0,0,0,374.2162162,flat0
50.5,1,998,0,0,0,368.4594595,flat0
51,1,998,0,0,0,368.8378378,flat0
51.5,1,998,0,0,0,366.6486486,flat0
52,1,998,0,0,0,363.5945946,flat0
52.5,1,998,0,0,0,364.9189189,flat0
53,1,998,0,0,0,368,flat0
53.5,0,999,0,0,0,368.2432432,flat0
54,0,998,0,0,0,374.5135135,flat0
54.5,0,998,0,0,0,413.4864865,flat0
55,0,998,0,0,0,457.5675676,flat0
55.5,0,998,0,0,0,507.3783784,flat0
56,0,998,0,0,0,550.0810811,flat0
56.5,0,998,0,0,0,573.8648649,flat0
57,0,998,0,0,0,585.2162162,flat0
57.5,0,998,0,0,0,598.1621622,flat0
58,0,998,0,0,0,608.0810811,flat0
58.5,0,998,0,0,0,617.5135135,flat0
59,0,999,0,0,0,625,flat0
59.5,0,998,0,0,0,631.1891892,flat0
60,0,998,0,0,0,632,flat0
60.5,0,998,0,0,0,636.7027027,flat0
61,0,998,0,0,0,642.9459459,flat0
61.5,0,998,0,0,0,651.1891892,flat0
62,0,998,0,0,0,656.3783784,flat0
62.5,0,998,0,0,0,665,flat0
63,0,998,0,0,0,668.1621622,flat0
63.5,0,998,0,0,0,669.8918919,flat0
64,0,998,0,0,0,669.9459459,flat0
64.5,0,998,0,0,0,664.1351351,flat0
65,0,998,0,0,0,658.8108108,flat0
65.5,0,830,0,0,0,652.4054054,flat0
66,0,427,0,0,0,643.7837838,flat0
66.5,0,405,0,0,0,639.9189189,flat0
67,0,388,0,0,0,634.8378378,flat0
67.5,0,388,0,0,0,630.4864865,flat0
68,0,388,0,0,0,629.5945946,flat0
68.5,0,388,0,0,0,629.7837838,flat0
69,0,388,0,0,0,628.027027,flat0
69.5,0,388,0,0,0,626.0540541,flat0
70,0,388,0,0,0,625.3243243,flat0
70.5,0,388,0,0,0,626.972973,flat0
71,0,388,0,0,0,627.9459459,flat0
71.5,0,388,0,0,0,628.3243243,flat0
72,0,388,0,0,0,629.2162162,flat0
72.5,0,388,0,0,0,627.2972973,flat0
73,0,388,0,0,0,625.5675676,flat0
73.5,0,388,0,0,0,624.0540541,flat0
74,0,388,0,0,0,624.5405405,flat0
74.5,0,388,0,0,0,624.5945946,flat0
75,0,388,0,0,0,625.1621622,flat0
75.5,0,388,0,0,0,624.4324324,flat0
76,0,388,0,0,0,623.5405405,flat0
76.5,0,388,0,0,0,623.2432432,flat0
77,0,388,0,0,0,624.1081081,flat0
77.5,0,388,0,0,0,626.9189189,flat0
78,0,388,0,0,0,629.8918919,flat0
78.5,0,388,0,0,0,629.7837838,flat0
79,0,388,0,0,0,630.1621622,flat0
79.5,0,388,0,0,0,634.2432432,flat0
80,0,389,0,0,0,637.7567568,flat0
80.5,0,389,0,0,0,638.2972973,flat0
81,0,389,0,0,0,638.3513514,flat0
81.5,0,389,0,0,0,638.3513514,flat0
82,0,389,0,0,0,639.7297297,flat0
82.5,0,389,0,0,0,640.7027027,flat0
83,0,537,0,0,0,641.0810811,flat0
83.5,0,757,0,0,0,644.3243243,flat0
84,0,762,0,0,0,641.5135135,flat0
84.5,0,763,0,0,0,639.7837838,flat0
85,0,772,0,0,0,638.972973,flat0
85.5,0,772,0,0,0,640,flat0
86,0,773,0,0,0,652.2972973,flat0
86.5,0,772,0,0,0,654.2432432,flat0
87,0,772,0,0,0,655.0540541,flat0
87.5,0,772,0,0,0,655.7297297,flat0
88,0,772,0,0,0,659.6756757,flat0
88.5,0,772,0,0,0,662.1351351,flat0
89,0,773,0,0,0,659.3243243,flat0
89.5,0,773,0,0,0,660.2972973,flat0
90,0,773,0,0,0,655.3243243,flat0
90.5,0,772,0,0,0,646.1891892,flat0
91,0,772,0,0,0,638,flat0
91.5,0,773,0,0,0,632.1081081,flat0
92,0,772,0,0,0,635.4324324,flat0
92.5,0,772,0,0,0,640.9189189,flat0
93,0,771,0,0,0,628.5405405,flat0
93.5,0,729,0,0,0,614.7027027,flat0
94,0,0,0,0,0,601.2432432,flat0
94.5,0,0,0,0,0,594.1351351,flat0
95,0,0,0,0,0,594.6486486,flat0
95.5,0,0,0,0,0,589.7567568,flat0
96,0,0,0,0,0,596.3243243,flat0
96.5,0,0,0,0,0,587.2972973,flat0
97,0,0,0,0,0,586.6216216,flat0
97.5,0,0,0,0,0,585.972973,flat0
98,0,0,0,0,0,586.4324324,flat0
98.5,0,0,0,0,0,583.027027,flat0
99,0,0,0,0,0,578.9459459,flat0
99.5,0,0,0,0,0,578.3513514,flat0
100,0,0,0,0,0,578.9189189,flat0
100.5,0,0,0,0,0,580.0810811,flat0
101,0,0,0,0,0,581.8648649,flat0
101.5,0,0,0,0,0,584.9459459,flat0
102,0,0,0,0,0,584.3783784,flat0
102.5,0,0,0,0,0,584.3243243,flat0
103,0,0,0,0,0,581.5405405,flat0
103.5,0,0,0,0,0,579.5135135,flat0
104,0,0,0,0,0,576.0540541,flat0
104.5,0,0,0,0,0,572.972973,flat0
105,0,0,0,0,0,569.6486486,flat0
105.5,0,0,0,0,0,565.1351351,flat0
106,0,0,0,0,0,563.5675676,flat0
106.5,0,0,0,0,0,562.7027027,flat0
107,0,0,0,0,0,563.3783784,flat0
107.5,0,0,0,0,0,563.027027,flat0
108,0,0,0,0,0,562.7027027,flat0
108.5,0,0,0,0,0,560.5945946,flat0
109,0,0,0,1,0,563.6216216,flat0
109.5,0,0,0,1,0,561.7567568,flat0
110,0,0,0,1,0,559.3783784,flat0
110.5,0,0,0,1,0,558.3513514,flat0
111,0,0,0,1,0,557.2432432,flat0
111.5,0,0,0,1,0,560.027027,flat0
112,0,0,0,1,0,561.5405405,flat0
112.5,0,0,0,1,0,562.5405405,flat0
113,0,0,0,1,0,561.9189189,flat0
113.5,0,0,0,1,0,560,flat0
114,0,0,0,1,0,559.5405405,flat0
114.5,0,0,0,1,0,559.2162162,flat0
115,0,0,0,1,0,558.8108108,flat0
115.5,0,0,0,1,0,558.4054054,flat0
116,0,0,0,1,0,557.7297297,flat0
116.5,0,0,0,1,0,557.0540541,flat0
117,0,0,0,1,0,555.1891892,flat0
117.5,0,0,0,1,0,553.2432432,flat0
118,0,0,0,1,0,553.4594595,flat0
118.5,0,0,0,1,0,553.8108108,flat0
119,0,0,0,1,0,558.972973,flat0
119.5,0,0,0,1,0,561.6216216,flat0
120,0,0,0,1,0,562.1351351,flat0
0.5,0,0,0,1,0,551.4054054,flat2
1,0,0,0,1,0,551.8648649,flat2
1.5,0,0,0,1,0,556.3513514,flat2
2,0,0,0,1,0,560.9459459,flat2
2.5,0,0,0,1,0,571.1621622,flat2
3,0,0,0,1,1,566.5135135,flat2
3.5,0,0,0,1,1,563.8378378,flat2
4,0,0,0,1,1,565.6756757,flat2
4.5,0,0,0,1,1,564.2972973,flat2
5,0,0,0,1,1,561.8648649,flat2
5.5,0,0,0,1,1,561.5945946,flat2
6,0,0,0,1,1,558.4594595,flat2
6.5,0,0,0,1,1,555.5135135,flat2
7,0,0,0,0,1,563,flat2
7.5,0,0,0,0,1,568.8108108,flat2
8,0,0,0,0,1,568.2702703,flat2
8.5,0,0,0,0,1,569.2162162,flat2
9,0,0,0,0,0,573.9459459,flat2
9.5,0,0,0,0,0,573.972973,flat2
10,0,0,0,0,0,577.8648649,flat2
10.5,0,0,0,0,0,585.5405405,flat2
11,0,0,0,0,0,586.7027027,flat2
11.5,0,0,0,0,0,593.2432432,flat2
12,0,0,0,0,0,596.5675676,flat2
12.5,0,0,0,0,0,607.2972973,flat2
13,0,0,0,0,0,610.027027,flat2
13.5,0,0,0,0,0,608.4864865,flat2
14,0,0,0,0,0,610.6486486,flat2
14.5,0,0,0,0,0,609.5405405,flat2
15,0,0,0,0,0,612.7567568,flat2
15.5,0,0,0,0,0,612.9189189,flat2
16,0,0,0,0,0,615.972973,flat2
16.5,0,0,0,0,0,614,flat2
17,0,0,0,0,0,612.4324324,flat2
17.5,0,0,0,0,0,614,flat2
18,0,0,0,0,0,613.9189189,flat2
18.5,0,0,0,0,0,609,flat2
19,0,0,0,0,0,609.9459459,flat2
19.5,0,0,0,0,0,611.2432432,flat2
20,0,0,0,0,0,611.3513514,flat2
20.5,0,0,0,0,0,614.0540541,flat2
21,0,0,0,0,0,615.5405405,flat2
21.5,0,0,0,0,0,613.2972973,flat2
22,0,0,0,0,0,615.3513514,flat2
22.5,0,38,0,0,0,617.4594595,flat2
23,0,113,0,0,0,621.4594595,flat2
23.5,0,173,0,0,0,625.2432432,flat2
24,0,177,0,0,0,628.6756757,flat2
24.5,0,177,0,0,0,629.7567568,flat2
25,0,177,0,0,0,634.8378378,flat2
25.5,0,177,0,0,0,641.4054054,flat2
26,0,219,0,0,0,649.8648649,flat2
26.5,0,233,0,0,0,656.5405405,flat2
27,0,235,0,0,0,663.4054054,flat2
27.5,0,235,0,0,0,671.3513514,flat2
28,0,235,0,0,0,678.5135135,flat2
28.5,0,235,0,0,0,676.5135135,flat2
29,0,235,0,0,0,675.3243243,flat2
29.5,0,235,0,0,0,671.8648649,flat2
30,1,235,0,0,0,671.5405405,flat2
30.5,1,235,0,0,0,666.3243243,flat2
31,1,235,0,0,0,660.5675676,flat2
31.5,1,235,0,0,0,652.0810811,flat2
32,1,235,0,0,0,644.2162162,flat2
32.5,1,235,0,0,0,638.1081081,flat2
33,1,235,0,0,0,636.0810811,flat2
33.5,1,235,0,0,0,632.7837838,flat2
34,1,235,0,0,0,619.7837838,flat2
34.5,1,235,0,0,0,607.5405405,flat2
35,1,235,0,0,0,603.4054054,flat2
35.5,1,235,0,0,0,600.7027027,flat2
36,1,236,0,0,0,596.5135135,flat2
36.5,1,236,0,0,0,594.7567568,flat2
37,1,236,0,0,0,593.2162162,flat2
37.5,1,236,0,0,0,588.7027027,flat2
38,1,235,0,0,0,584.3783784,flat2
38.5,1,236,0,0,0,580.2432432,flat2
39,1,236,0,0,0,577.1351351,flat2
39.5,1,236,0,0,0,568.1081081,flat2
40,1,236,0,0,0,562.2702703,flat2
40.5,1,236,0,0,0,553.9459459,flat2
41,1,235,0,0,0,547.8378378,flat2
41.5,1,236,0,0,0,546.1351351,flat2
42,1,235,0,0,0,541.7027027,flat2
42.5,1,235,0,0,0,533.2162162,flat2
43,1,235,0,0,0,525.3783784,flat2
43.5,1,235,0,0,0,518.2702703,flat2
44,1,235,0,0,0,511.3513514,flat2
44.5,1,235,0,0,0,497.4864865,flat2
45,1,190,0,0,0,488.5675676,flat2
45.5,1,0,0,0,0,479.0540541,flat2
46,1,0,0,0,0,470.1621622,flat2
46.5,1,0,0,0,0,460.5405405,flat2
47,1,0,0,0,0,452.4864865,flat2
47.5,1,0,0,0,0,448.6756757,flat2
48,1,0,0,0,0,440.3513514,flat2
48.5,1,0,0,0,0,434.1351351,flat2
49,1,0,0,0,0,424.0540541,flat2
49.5,1,0,0,0,0,415.8378378,flat2
50,1,0,0,0,0,408.0540541,flat2
50.5,1,0,0,0,0,400.5135135,flat2
51,1,0,0,0,0,394.6486486,flat2
51.5,1,0,0,0,0,388.8648649,flat2
52,1,0,0,0,0,384.1351351,flat2
52.5,1,0,0,0,0,377.4054054,flat2
53,1,0,0,0,0,370.4864865,flat2
53.5,1,0,0,0,0,364.3513514,flat2
54,1,0,0,0,0,357.0810811,flat2
54.5,1,0,0,0,0,355.5675676,flat2
55,1,0,0,0,0,353.1351351,flat2
55.5,1,0,0,0,0,346.8378378,flat2
56,1,0,0,0,0,336.4054054,flat2
56.5,1,0,0,0,0,332.7567568,flat2
57,1,0,0,0,0,329.7027027,flat2
57.5,0,0,0,0,0,327.6486486,flat2
58,0,0,0,0,0,319.5675676,flat2
58.5,0,0,0,0,0,329.4864865,flat2
59,0,0,0,0,0,352.1621622,flat2
59.5,0,0,0,0,0,373.3513514,flat2
60,0,0,0,0,0,402.2702703,flat2
60.5,0,0,0,0,0,430.0540541,flat2
61,0,0,0,0,0,454.8918919,flat2
61.5,0,0,0,0,0,472.8108108,flat2
62,0,0,0,0,0,479.0540541,flat2
62.5,0,0,0,0,0,478.3513514,flat2
63,0,0,0,0,0,485.2972973,flat2
63.5,0,0,0,0,0,487.5135135,flat2
64,0,0,0,0,0,494.027027,flat2
64.5,0,0,0,0,0,498.4054054,flat2
65,0,0,0,0,0,502.1891892,flat2
65.5,0,0,0,0,0,506.8648649,flat2
66,0,0,0,0,0,507.5135135,flat2
66.5,0,0,0,0,0,509.8378378,flat2
67,0,0,0,0,0,514.0810811,flat2
67.5,0,0,0,0,0,518.1081081,flat2
68,0,0,0,0,0,520.7567568,flat2
68.5,0,0,0,0,0,525.1351351,flat2
69,0,0,0,0,0,530.9189189,flat2
69.5,0,0,0,0,0,537.4594595,flat2
70,0,0,0,0,0,544.5135135,flat2
70.5,0,0,0,0,0,549.3783784,flat2
71,0,0,0,0,0,552.5945946,flat2
71.5,0,0,0,0,0,553.4054054,flat2
72,0,0,0,0,0,555.3243243,flat2
72.5,0,0,0,0,0,557.027027,flat2
73,0,0,0,0,0,563.9189189,flat2
73.5,0,0,0,0,0,571.4594595,flat2
74,0,0,0,0,0,575.9459459,flat2
74.5,0,0,0,0,0,580.2702703,flat2
75,0,0,0,0,0,585.5405405,flat2
75.5,0,0,0,0,0,591.5405405,flat2
76,1,2,0,0,0,591.6216216,flat2
76.5,1,40,0,0,0,589.4054054,flat2
77,1,79,0,0,0,592.8648649,flat2
77.5,1,107,0,0,0,592,flat2
78,1,130,0,0,0,591,flat2
78.5,1,144,0,0,0,590.972973,flat2
79,1,158,0,0,0,589.7837838,flat2
79.5,1,164,0,0,0,577.972973,flat2
80,1,188,0,0,0,570.2702703,flat2
80.5,1,222,0,0,0,567.4054054,flat2
81,1,267,0,0,0,562.4324324,flat2
81.5,1,299,0,0,0,557.8108108,flat2
82,1,309,0,0,0,547.7297297,flat2
82.5,1,318,0,0,0,539.027027,flat2
83,1,324,0,0,0,532.7837838,flat2
83.5,1,327,0,0,0,530.7567568,flat2
84,1,327,0,0,0,533.6486486,flat2
84.5,1,327,0,0,0,530.2432432,flat2
85,1,330,0,0,0,522,flat2
85.5,1,338,0,0,0,516.3513514,flat2
86,1,351,0,0,0,508.0810811,flat2
86.5,1,359,0,0,0,496.8918919,flat2
87,1,359,0,0,0,491.9459459,flat2
87.5,1,359,0,0,0,487.2972973,flat2
88,1,359,0,0,0,468.5945946,flat2
88.5,1,359,0,0,0,459.5675676,flat2
89,1,359,0,0,0,450.9189189,flat2
89.5,1,359,0,0,0,446.1351351,flat2
90,1,359,0,0,0,443.2432432,flat2
90.5,1,359,0,0,0,436.0540541,flat2
91,1,359,0,0,0,424.6756757,flat2
91.5,1,359,0,0,0,419.7567568,flat2
92,1,359,0,0,0,414.7837838,flat2
92.5,1,359,0,0,0,405.5675676,flat2
93,1,359,0,0,0,402.5945946,flat2
93.5,1,359,0,0,0,399.2702703,flat2
94,1,359,0,0,0,395.7297297,flat2
94.5,1,359,0,0,0,390.7837838,flat2
95,1,359,0,0,0,384.8918919,flat2
95.5,1,359,0,0,0,380,flat2
96,1,359,0,0,0,371.9459459,flat2
96.5,1,363,0,0,0,367.1081081,flat2
97,1,370,0,0,0,357.1081081,flat2
97.5,1,437,0,0,0,346.6486486,flat2
98,1,475,0,0,0,341.0540541,flat2
98.5,1,474,0,0,0,337.1081081,flat2
99,1,466,0,0,0,328.4864865,flat2
99.5,1,466,0,0,0,325.4054054,flat2
100,1,466,0,0,0,322,flat2
100.5,1,466,0,0,0,316.9459459,flat2
101,1,466,0,0,0,309.0810811,flat2
101.5,1,466,0,0,0,303.4324324,flat2
102,1,466,0,0,0,293.0540541,flat2
102.5,1,466,0,0,0,289.3513514,flat2
103,1,466,0,0,0,288.1351351,flat2
103.5,1,466,0,0,0,286.2702703,flat2
104,1,466,0,0,0,282.9459459,flat2
104.5,1,466,0,0,0,279.7027027,flat2
105,1,466,0,0,0,279.0810811,flat2
105.5,1,466,0,0,0,278.4594595,flat2
106,1,466,0,0,0,278.3513514,flat2
106.5,1,466,0,0,0,276.9189189,flat2
107,1,466,0,0,0,279.5675676,flat2
107.5,0,466,0,0,0,284.4594595,flat2
108,0,466,0,0,0,298.7027027,flat2
108.5,0,466,0,0,0,336.9189189,flat2
109,0,466,0,0,0,413.3783784,flat2
109.5,0,466,0,0,0,471.4054054,flat2
110,0,466,0,0,0,509.4594595,flat2
110.5,0,466,0,0,0,544.2162162,flat2
111,0,466,0,0,0,581.0810811,flat2
111.5,0,466,0,0,0,615.4054054,flat2
112,0,570,0,0,0,642.4054054,flat2
112.5,0,939,0,0,0,665.8378378,flat2
113,0,998,0,0,0,693.8648649,flat2
113.5,0,998,0,0,0,710,flat2
114,0,998,0,0,0,721.0540541,flat2
114.5,0,998,0,0,0,727.9459459,flat2
115,0,998,0,0,0,736.1891892,flat2
115.5,0,998,0,0,0,747.5945946,flat2
116,0,998,0,0,0,753.4864865,flat2
116.5,0,998,0,0,0,756.1621622,flat2
117,0,998,0,0,0,756.3783784,flat2
117.5,0,998,0,0,0,757.3243243,flat2
118,0,998,0,0,0,760.0540541,flat2
118.5,0,998,0,0,0,759.8648649,flat2
119,0,998,0,0,0,765.6216216,flat2
119.5,0,998,0,0,0,770.6486486,flat2
120,0,998,0,0,0,772.3243243,flat2
0.5,0,998,0,0,0,549.5945946,hill0
1,0,998,0,0,0,549.5405405,hill0
1.5,0,998,0,0,0,566.5405405,hill0
2,0,998,0,0,0,609.7837838,hill0
2.5,0,998,0,0,0,644.4864865,hill0
3,0,998,0,0,0,654.4324324,hill0
3.5,0,998,0,0,0,664.2972973,hill0
4,0,998,0,0,0,670.9189189,hill0
4.5,0,998,0,0,0,677.3783784,hill0
5,0,998,0,0,0,677.6216216,hill0
5.5,0,998,0,0,0,678.5945946,hill0
6,0,998,0,0,0,678.4594595,hill0
6.5,0,998,0,0,0,682.0810811,hill0
7,0,998,0,0,0,681.5135135,hill0
7.5,0,998,0,0,0,686.2432432,hill0
8,0,999,0,0,0,690.1891892,hill0
8.5,0,998,0,0,0,694.2432432,hill0
9,0,998,0,0,0,695.972973,hill0
9.5,0,998,0,0,0,696.2162162,hill0
10,0,998,0,0,0,696.4594595,hill0
10.5,0,998,0,0,0,695.7837838,hill0
11,0,998,0,0,0,699.7837838,hill0
11.5,0,998,0,0,0,699.2972973,hill0
12,0,998,0,0,0,699.1621622,hill0
12.5,0,998,0,0,0,696.6756757,hill0
13,0,998,0,0,0,695.5405405,hill0
13.5,0,998,0,0,0,692.1891892,hill0
14,0,998,0,0,0,687.5405405,hill0
14.5,0,998,0,0,0,682.5675676,hill0
15,0,999,0,0,0,664.8108108,hill0
15.5,0,998,0,0,0,647.5405405,hill0
16,0,998,0,0,0,639.1081081,hill0
16.5,0,998,0,0,0,626.3783784,hill0
17,0,998,0,0,0,614.7297297,hill0
17.5,0,999,0,0,0,604.1621622,hill0
18,0,998,0,0,0,591.6756757,hill0
18.5,0,998,0,0,0,581.027027,hill0
19,0,998,0,0,0,576.027027,hill0
19.5,0,998,0,0,0,577.2432432,hill0
20,0,998,0,0,0,582.1891892,hill0
20.5,0,998,0,0,0,586.5135135,hill0
21,0,998,0,0,0,591.7027027,hill0
21.5,0,999,0,0,0,602.1081081,hill0
22,0,998,0,0,0,611.4864865,hill0
22.5,0,998,0,0,0,618.6756757,hill0
23,0,998,0,0,0,630.7567568,hill0
23.5,0,998,0,0,0,640,hill0
24,0,998,0,0,0,648,hill0
24.5,0,998,0,0,0,655.3243243,hill0
25,0,998,0,0,0,657.8108108,hill0
25.5,0,998,0,0,0,660.1081081,hill0
26,0,998,0,0,0,660.5675676,hill0
26.5,0,998,0,0,0,664.9189189,hill0
27,0,998,0,0,0,666.8378378,hill0
27.5,0,998,0,0,0,669.2972973,hill0
28,0,998,0,0,0,670.4864865,hill0
28.5,0,998,0,0,0,670.7027027,hill0
29,0,998,0,0,0,673.7027027,hill0
29.5,0,998,0,0,0,678.0810811,hill0
30,0,998,0,0,0,679.8378378,hill0
30.5,0,998,0,0,0,681,hill0
31,0,999,0,0,0,682.4324324,hill0
31.5,0,998,0,0,0,677.2432432,hill0
32,0,998,0,0,0,678.1891892,hill0
32.5,0,998,0,0,0,677.9459459,hill0
33,0,999,0,0,0,674.4324324,hill0
33.5,0,998,0,0,0,670.8378378,hill0
34,0,998,0,0,0,666.5135135,hill0
34.5,0,998,0,0,0,658.7837838,hill0
35,0,935,0,0,0,650.3243243,hill0
35.5,0,858,0,0,0,642.4864865,hill0
36,0,811,0,0,0,630.1621622,hill0
36.5,0,776,0,0,0,618.0540541,hill0
37,0,769,0,0,0,606.7297297,hill0
37.5,0,717,0,0,0,601.8918919,hill0
38,0,708,0,0,0,597.0810811,hill0
38.5,0,708,0,0,0,605.8648649,hill0
39,0,708,0,0,0,603.4594595,hill0
39.5,0,709,0,0,0,605.1891892,hill0
40,0,708,0,0,0,603.4054054,hill0
40.5,0,709,0,0,0,601.1621622,hill0
41,0,709,0,0,0,597.0810811,hill0
41.5,0,708,0,0,0,598.1351351,hill0
42,0,708,0,0,0,599.2432432,hill0
42.5,0,708,0,0,0,598.2162162,hill0
43,0,708,0,0,0,601.1081081,hill0
43.5,0,708,0,0,0,602.4324324,hill0
44,0,709,0,0,0,603.0810811,hill0
44.5,0,709,0,0,0,602.0810811,hill0
45,0,708,0,0,0,600.8378378,hill0
45.5,0,708,0,0,0,601.1621622,hill0
46,0,708,0,0,0,601.7297297,hill0
46.5,0,709,0,0,0,602.8108108,hill0
47,0,708,0,0,0,605.8648649,hill0
47.5,0,709,0,0,0,607.4594595,hill0
48,0,709,0,0,0,609.2432432,hill0
48.5,0,709,0,0,0,612.4054054,hill0
49,0,662,0,0,0,615.7027027,hill0
49.5,0,594,0,0,0,620.1081081,hill0
50,0,506,0,0,0,624.1081081,hill0
50.5,0,481,0,0,0,631.5135135,hill0
51,0,461,0,0,0,632.9459459,hill0
51.5,0,442,0,0,0,640.7297297,hill0
52,0,425,0,0,0,647.6756757,hill0
52.5,0,425,0,0,0,651.027027,hill0
53,0,425,0,0,0,655.7567568,hill0
53.5,0,425,0,0,0,654,hill0
54,0,425,0,0,0,655.9459459,hill0
54.5,0,425,0,0,0,657.1351351,hill0
55,0,425,0,0,0,660.1891892,hill0
55.5,0,425,0,0,0,669.972973,hill0
56,0,425,0,0,0,682.6486486,hill0
56.5,0,425,1,0,0,698.9189189,hill0
57,0,425,1,0,0,706.6756757,hill0
57.5,0,425,1,0,0,711.6486486,hill0
58,0,425,1,0,0,715.7567568,hill0
58.5,0,425,1,0,0,721.9189189,hill0
59,0,425,1,0,0,734.5945946,hill0
59.5,0,425,1,0,0,743.8108108,hill0
60,0,425,1,0,0,753.3243243,hill0
60.5,0,425,1,0,0,761.6216216,hill0
61,0,425,1,0,0,762.4594595,hill0
61.5,0,425,1,0,0,764.5675676,hill0
62,0,425,1,0,0,767.9189189,hill0
62.5,0,425,1,0,0,768.4054054,hill0
63,0,425,1,0,0,768.1891892,hill0
63.5,0,424,1,0,0,769.2162162,hill0
64,0,425,1,0,0,768.4594595,hill0
64.5,0,425,1,0,0,767.3513514,hill0
65,0,425,1,0,0,766.6756757,hill0
65.5,0,425,1,0,0,766.0540541,hill0
66,0,425,1,0,0,765.6756757,hill0
66.5,0,425,1,0,0,761.9459459,hill0
67,0,425,1,0,0,751.7027027,hill0
67.5,0,425,1,0,0,738.3513514,hill0
68,0,425,1,0,0,722,hill0
68.5,0,425,1,0,0,700.5945946,hill0
69,0,425,1,0,0,651.7837838,hill0
69.5,0,425,1,0,0,614.6486486,hill0
70,0,425,1,0,0,552.8378378,hill0
70.5,0,425,0,0,0,535.2702703,hill0
71,0,424,0,0,0,548.2432432,hill0
71.5,0,425,0,0,0,552.5675676,hill0
72,0,402,0,0,0,559.1891892,hill0
72.5,0,336,0,0,0,568.6756757,hill0
73,0,265,0,0,0,577.8918919,hill0
73.5,0,209,0,0,0,591.8648649,hill0
74,0,176,0,0,0,609.6216216,hill0
74.5,0,151,0,0,0,631.3783784,hill0
75,0,89,0,0,0,644.6486486,hill0
75.5,0,4,0,0,0,652.5675676,hill0
76,0,0,0,0,0,663.2702703,hill0
76.5,0,0,0,0,0,668,hill0
77,0,0,0,0,0,676.5945946,hill0
77.5,0,0,0,0,0,681.1081081,hill0
78,0,0,0,0,0,689.0810811,hill0
78.5,0,0,0,0,0,694.3513514,hill0
79,0,0,0,0,0,696.3513514,hill0
79.5,0,0,0,0,0,701.2702703,hill0
80,0,0,0,0,0,700.0540541,hill0
80.5,0,0,0,0,0,703.0810811,hill0
81,0,0,0,0,0,702.6756757,hill0
81.5,0,0,0,0,0,698.027027,hill0
82,0,0,0,0,0,695.4864865,hill0
82.5,0,0,0,0,0,693.5675676,hill0
83,0,0,0,0,0,689.3783784,hill0
83.5,0,0,0,0,0,687.8918919,hill0
84,0,0,0,0,0,689.0810811,hill0
84.5,0,0,0,0,0,686.5675676,hill0
85,0,0,0,0,0,685.3783784,hill0
85.5,0,0,0,0,0,683.6216216,hill0
86,0,0,0,0,0,683.1621622,hill0
86.5,0,0,0,0,0,682.4054054,hill0
87,0,0,0,0,0,680.6216216,hill0
87.5,0,0,0,0,0,680.4324324,hill0
88,0,0,0,0,0,675.8918919,hill0
88.5,0,0,0,0,0,673.5945946,hill0
89,0,0,0,0,0,671.8918919,hill0
89.5,0,0,0,0,0,667.5945946,hill0
90,0,0,0,0,0,661.4054054,hill0
90.5,0,0,0,0,1,658.0810811,hill0
91,0,0,0,0,1,654.2162162,hill0
91.5,0,0,0,0,1,645.3513514,hill0
92,0,0,0,0,1,636.0810811,hill0
92.5,0,0,0,0,1,627.4324324,hill0
93,0,0,0,0,1,623.4324324,hill0
93.5,0,0,0,0,1,624.0540541,hill0
94,0,0,0,0,1,628.027027,hill0
94.5,0,0,0,0,1,639.3513514,hill0
95,0,0,0,0,0,651.972973,hill0
95.5,0,0,0,0,0,658.027027,hill0
96,0,0,0,0,0,662.5135135,hill0
96.5,0,0,0,0,0,671.4594595,hill0
97,0,0,0,0,0,677.1351351,hill0
97.5,0,0,0,0,0,675.7027027,hill0
98,0,0,0,0,0,679.5675676,hill0
98.5,0,0,0,0,0,682.0540541,hill0
99,0,0,0,0,0,683.7027027,hill0
99.5,0,0,0,0,0,684.4594595,hill0
100,0,0,0,0,0,682,hill0
100.5,0,0,0,0,0,681.5675676,hill0
101,0,0,0,0,0,679.7297297,hill0
101.5,0,0,0,0,0,681.2432432,hill0
102,0,0,0,0,0,687.5945946,hill0
102.5,0,0,0,0,0,694.2972973,hill0
103,0,0,0,0,0,719.4324324,hill0
103.5,0,0,0,0,0,748.7297297,hill0
104,0,0,0,0,0,766.7027027,hill0
104.5,0,0,0,0,0,766.0810811,hill0
105,0,0,0,0,0,770.4594595,hill0
105.5,0,0,0,0,0,780.1351351,hill0
106,0,0,0,0,0,782.2432432,hill0
106.5,0,0,0,0,0,783.8378378,hill0
107,0,0,0,0,0,783.4324324,hill0
107.5,0,0,0,0,0,783.1621622,hill0
108,0,0,0,0,0,783.0540541,hill0
108.5,0,0,0,0,0,779.972973,hill0
109,0,0,0,0,0,778.4054054,hill0
109.5,0,0,0,0,0,776.0540541,hill0
110,0,0,0,0,0,773.3513514,hill0
110.5,0,0,0,0,0,771.1621622,hill0
111,0,0,0,0,0,767.7837838,hill0
111.5,0,0,0,0,0,760.7837838,hill0
112,0,0,0,0,0,754.2972973,hill0
112.5,0,0,0,0,0,747.6216216,hill0
113,0,0,0,0,0,743,hill0
113.5,0,0,0,0,0,737.972973,hill0
114,0,0,0,0,0,732.9189189,hill0
114.5,0,0,0,0,0,730.5405405,hill0
115,0,0,0,0,0,727.9459459,hill0
115.5,0,0,0,0,0,723.5135135,hill0
116,0,0,0,0,0,718.5135135,hill0
116.5,0,0,0,0,0,715.7567568,hill0
117,0,0,0,0,0,714.5405405,hill0
117.5,0,0,0,0,0,712.0810811,hill0
118,0,0,0,0,0,709.4594595,hill0
118.5,0,0,0,0,0,705.6756757,hill0
119,0,0,0,0,0,699,hill0
119.5,0,0,0,0,0,691.6216216,hill0
120,0,0,0,0,0,689.3513514,hill0
0.5,0,0,0,0,0,550.7837838,hill2
1,0,0,0,0,0,550.8918919,hill2
1.5,0,0,0,0,0,551.5945946,hill2
2,0,0,0,0,0,554.4864865,hill2
2.5,0,0,0,0,0,541.7837838,hill2
3,0,0,0,0,0,546.2702703,hill2
3.5,0,0,0,0,0,550.6756757,hill2
4,0,0,0,0,0,562.2162162,hill2
4.5,0,0,0,0,0,565.2702703,hill2
5,0,0,0,0,0,572.4864865,hill2
5.5,0,0,0,0,0,580.972973,hill2
6,0,0,0,0,0,581.5675676,hill2
6.5,0,0,0,0,0,580.972973,hill2
7,0,0,0,0,0,571.2972973,hill2
7.5,0,0,0,0,0,555.5945946,hill2
8,0,0,0,0,0,542.5945946,hill2
8.5,0,0,0,0,0,526.2432432,hill2
9,0,0,0,0,0,513.027027,hill2
9.5,0,0,0,0,0,510.3243243,hill2
10,0,0,0,0,0,515.4594595,hill2
10.5,0,0,0,0,0,526.1621622,hill2
11,0,0,0,0,0,545,hill2
11.5,0,0,0,0,0,559.1081081,hill2
12,0,0,0,0,0,563.0810811,hill2
12.5,0,0,0,0,0,564.8918919,hill2
13,0,0,0,0,0,572.5405405,hill2
13.5,0,0,0,0,0,576.8378378,hill2
14,0,20,0,0,0,583.4864865,hill2
14.5,0,190,0,0,0,587.027027,hill2
15,0,251,0,0,0,589.9459459,hill2
15.5,0,251,0,0,0,593.8918919,hill2
16,0,0,0,0,0,599,hill2
16.5,0,0,0,0,0,604.1081081,hill2
17,0,0,0,0,0,609.0810811,hill2
17.5,0,0,0,0,0,618.4324324,hill2
18,0,0,0,0,0,614.4054054,hill2
18.5,0,0,0,0,0,615.2162162,hill2
19,0,0,0,0,0,612.8918919,hill2
19.5,0,0,0,0,0,608.1621622,hill2
20,0,0,0,0,0,595.0810811,hill2
20.5,0,0,0,0,0,574.2162162,hill2
21,0,0,0,0,0,556.1351351,hill2
21.5,0,0,0,0,0,552.4864865,hill2
22,0,0,0,0,0,565.4864865,hill2
22.5,0,0,0,0,0,575,hill2
23,0,0,0,0,0,588.4054054,hill2
23.5,0,0,0,0,0,591.6216216,hill2
24,0,8,0,0,0,596.2432432,hill2
24.5,0,136,0,0,0,602.1081081,hill2
25,0,264,0,0,0,609.7027027,hill2
25.5,0,316,0,0,0,618.7027027,hill2
26,0,331,0,0,0,626.4054054,hill2
26.5,0,331,0,0,0,630.4594595,hill2
27,0,331,0,0,0,631.5945946,hill2
27.5,0,331,0,0,0,634.9189189,hill2
28,0,331,0,0,0,639.8108108,hill2
28.5,0,331,0,0,0,644.7837838,hill2
29,0,331,0,0,0,649.3243243,hill2
29.5,0,331,0,0,0,653.1081081,hill2
30,0,334,0,0,0,654.027027,hill2
30.5,0,346,0,0,0,652.7027027,hill2
31,0,346,0,0,0,653.0540541,hill2
31.5,0,342,0,0,0,656.4594595,hill2
32,0,342,0,0,0,656.1081081,hill2
32.5,0,342,0,0,0,659.4324324,hill2
33,0,342,0,0,0,662.4054054,hill2
33.5,0,342,0,0,0,666.7837838,hill2
34,0,342,0,0,0,667.2162162,hill2
34.5,0,342,0,0,0,668.8108108,hill2
35,0,342,0,0,0,671.5675676,hill2
35.5,0,342,0,0,0,668.8378378,hill2
36,0,342,0,0,0,667.2162162,hill2
36.5,0,342,0,0,0,668.7297297,hill2
37,0,342,0,0,0,670.0540541,hill2
37.5,0,342,0,0,0,670.0540541,hill2
38,0,342,0,0,0,672.6756757,hill2
38.5,0,342,0,0,0,663.3513514,hill2
39,0,342,0,0,0,661,hill2
39.5,0,342,0,0,0,658.6486486,hill2
40,0,342,0,0,0,653.8918919,hill2
40.5,0,342,0,0,0,643.7297297,hill2
41,0,342,0,0,0,633.5675676,hill2
41.5,0,342,0,0,0,625.7027027,hill2
42,0,342,0,0,0,615.5405405,hill2
42.5,0,342,0,0,0,608.0540541,hill2
43,0,342,0,0,0,595.2702703,hill2
43.5,0,342,0,0,0,575.8378378,hill2
44,0,342,0,0,0,562.6486486,hill2
44.5,0,342,0,0,0,554.0540541,hill2
45,0,342,0,0,0,555.2162162,hill2
45.5,0,342,0,0,0,564.0540541,hill2
46,0,342,0,0,0,578.6486486,hill2
46.5,0,342,0,0,0,597.7567568,hill2
47,0,342,0,0,0,618.2162162,hill2
47.5,0,342,0,0,0,635.2162162,hill2
48,0,342,0,0,0,649.8918919,hill2
48.5,0,342,0,0,0,662.2972973,hill2
49,0,342,0,0,0,666.0540541,hill2
49.5,0,342,0,0,0,670.1891892,hill2
50,0,342,0,0,0,672.4054054,hill2
50.5,0,342,0,0,0,675.2162162,hill2
51,0,450,0,0,0,680.5135135,hill2
51.5,0,940,0,0,0,682.4864865,hill2
52,0,998,0,0,0,685.5675676,hill2
52.5,0,998,0,0,0,688.5135135,hill2
53,0,998,0,0,0,691.8108108,hill2
53.5,0,998,0,0,0,695.2432432,hill2
54,0,998,0,0,0,699.1351351,hill2
54.5,0,998,0,0,0,703.7837838,hill2
55,0,998,0,0,0,710.2702703,hill2
55.5,0,998,0,0,0,712.6486486,hill2
56,0,999,0,0,0,712.1351351,hill2
56.5,0,998,0,0,0,713.027027,hill2
57,0,998,0,0,0,710.7027027,hill2
57.5,0,998,0,0,0,713.0540541,hill2
58,0,998,0,0,0,716.8648649,hill2
58.5,0,998,0,0,0,721.027027,hill2
59,0,998,0,0,0,726.1351351,hill2
59.5,0,998,0,0,0,725.6216216,hill2
60,0,999,0,0,0,728.4324324,hill2
60.5,0,998,0,0,0,730.2162162,hill2
61,0,998,0,0,0,736.7027027,hill2
61.5,0,998,0,0,0,736.4324324,hill2
62,0,999,0,0,0,737.5945946,hill2
62.5,0,998,0,0,0,734.3783784,hill2
63,0,998,0,0,0,727.4594595,hill2
63.5,0,998,0,0,0,724.4594595,hill2
64,0,998,0,0,0,721.0810811,hill2
64.5,0,999,0,0,0,724.1891892,hill2
65,0,998,0,0,0,735.5675676,hill2
65.5,0,998,0,0,0,741.7027027,hill2
66,0,998,0,0,0,745.2432432,hill2
66.5,0,998,0,0,0,746.8378378,hill2
67,0,998,0,0,0,745.6486486,hill2
67.5,0,998,0,0,0,743.2162162,hill2
68,0,998,0,0,0,743.6216216,hill2
68.5,0,998,0,0,0,745.8108108,hill2
69,0,998,0,0,0,745.9189189,hill2
69.5,0,998,0,0,0,746.3783784,hill2
70,0,998,0,0,0,747.1621622,hill2
70.5,0,998,0,0,0,749.2162162,hill2
71,0,998,0,0,0,751.7027027,hill2
71.5,0,998,0,0,0,751.6486486,hill2
72,0,998,0,0,0,751.972973,hill2
72.5,0,998,0,0,0,752.972973,hill2
73,0,998,0,0,0,753.3783784,hill2
73.5,0,999,0,0,0,752.972973,hill2
74,0,998,0,0,0,753.2432432,hill2
74.5,0,998,0,0,0,753.027027,hill2
75,0,998,0,0,0,751.2162162,hill2
75.5,0,998,0,0,0,750.6756757,hill2
76,0,998,0,0,0,748.972973,hill2
76.5,0,998,0,0,0,742.3783784,hill2
77,0,998,0,0,0,737.027027,hill2
77.5,0,998,0,0,0,737.6216216,hill2
78,0,998,0,0,0,736.5405405,hill2
78.5,0,998,0,0,0,728.8108108,hill2
79,0,998,0,0,0,710.1081081,hill2
79.5,0,981,0,0,0,702.4864865,hill2
80,0,806,0,0,0,705.2162162,hill2
80.5,0,688,0,0,0,703.1081081,hill2
81,0,656,0,0,0,705.3783784,hill2
81.5,0,642,0,0,0,706.6486486,hill2
82,0,635,0,0,0,700.8648649,hill2
82.5,0,608,0,0,0,679.8378378,hill2
83,0,608,0,0,0,672.5135135,hill2
83.5,0,608,0,0,0,668.972973,hill2
84,0,607,0,0,0,668,hill2
84.5,0,607,0,0,0,666.3243243,hill2
85,0,607,0,0,0,664.5405405,hill2
85.5,0,608,0,0,0,662.5135135,hill2
86,0,607,0,0,0,663.2972973,hill2
86.5,0,607,0,0,0,659.7027027,hill2
87,0,608,0,0,0,654.027027,hill2
87.5,0,608,0,0,0,653.2162162,hill2
88,0,607,0,0,0,650.5405405,hill2
88.5,0,608,0,0,0,644.6216216,hill2
89,0,608,0,0,0,644.7567568,hill2
89.5,0,607,0,0,0,645.027027,hill2
90,0,608,0,0,0,646.2162162,hill2
90.5,0,608,0,0,0,641,hill2
91,0,608,0,0,0,637.0540541,hill2
91.5,0,608,0,0,0,633.9459459,hill2
92,0,608,0,0,0,634.5405405,hill2
92.5,0,608,0,0,0,632.0540541,hill2
93,0,608,0,0,0,621.8108108,hill2
93.5,0,581,0,0,0,612.8648649,hill2
94,0,502,0,0,0,604.2162162,hill2
94.5,0,0,0,0,0,595.3783784,hill2
95,0,0,0,0,0,585.9459459,hill2
95.5,0,0,0,0,0,569.4324324,hill2
96,0,0,0,0,0,551.1081081,hill2
96.5,0,0,0,0,0,541.7567568,hill2
97,0,0,0,0,0,537.4324324,hill2
97.5,0,0,0,0,0,530.2972973,hill2
98,0,0,0,0,0,523.4594595,hill2
98.5,0,0,0,0,0,518.8108108,hill2
99,0,0,0,0,0,512.7567568,hill2
99.5,0,0,0,0,0,513.5405405,hill2
100,0,0,0,0,0,514.8108108,hill2
100.5,0,0,0,0,0,511.4324324,hill2
101,0,0,0,0,0,515.1891892,hill2
101.5,0,0,0,0,0,515.7297297,hill2
102,0,0,1,0,0,543.1621622,hill2
102.5,0,0,1,0,0,561.3243243,hill2
103,0,0,1,0,0,580.2432432,hill2
103.5,0,0,1,0,0,599.0810811,hill2
104,0,0,1,0,0,613.7567568,hill2
104.5,0,0,1,0,0,622.5405405,hill2
105,0,0,1,0,0,630.2162162,hill2
105.5,0,0,1,0,0,633.8378378,hill2
106,0,0,1,0,0,635.1081081,hill2
106.5,0,0,1,0,0,634.4594595,hill2
107,0,0,1,0,0,628.7297297,hill2
107.5,0,0,1,0,0,624.0810811,hill2
108,0,0,1,0,0,618.8108108,hill2
108.5,0,0,1,0,0,615.8648649,hill2
109,0,0,1,0,0,610.1351351,hill2
109.5,0,0,1,0,0,604.7567568,hill2
110,0,0,1,0,0,601.8648649,hill2
110.5,0,0,1,0,0,592.7297297,hill2
111,0,0,1,0,0,595.0810811,hill2
111.5,0,0,1,0,0,591.6756757,hill2
112,0,0,1,0,0,570.5675676,hill2
112.5,0,0,0,0,0,555.4324324,hill2
113,0,0,0,0,0,540.6486486,hill2
113.5,0,0,0,0,0,526.0810811,hill2
114,0,0,0,0,0,511.7027027,hill2
114.5,0,0,0,0,0,500.4054054,hill2
115,0,0,0,0,0,498.9459459,hill2
115.5,0,0,0,0,0,497.8918919,hill2
116,0,0,0,0,0,499.0540541,hill2
116.5,0,0,0,0,0,497.1621622,hill2
117,0,0,0,0,0,493.2162162,hill2
117.5,0,0,0,0,0,490.4864865,hill2
118,0,0,0,0,0,483.9459459,hill2
118.5,0,0,0,0,0,477.3513514,hill2
119,0,0,0,0,0,475.3783784,hill2
119.5,0,0,0,0,0,473.1081081,hill2
120,0,0,0,0,0,469.4594595,hill2
0.5,0,538,0,0,0,525.8648649,mount0
1,0,998,0,0,0,525.8918919,mount0
1.5,0,998,0,0,0,535.4324324,mount0
2,0,998,0,0,0,571.2972973,mount0
2.5,0,998,0,0,0,602.4324324,mount0
3,0,999,0,0,0,618.7837838,mount0
3.5,0,998,0,0,0,628.2972973,mount0
4,0,999,0,0,0,632.1081081,mount0
4.5,0,998,0,0,0,637.4324324,mount0
5,0,998,0,0,0,645.0540541,mount0
5.5,0,998,0,0,0,656.8378378,mount0
6,0,998,0,0,0,667.4324324,mount0
6.5,0,998,0,0,0,670.2432432,mount0
7,0,998,0,0,0,679.1891892,mount0
7.5,0,998,0,0,0,680.9459459,mount0
8,0,998,0,0,0,684.7567568,mount0
8.5,0,998,0,0,0,681.1891892,mount0
9,0,998,0,0,0,679.3513514,mount0
9.5,0,998,0,0,0,673.5135135,mount0
10,0,998,0,0,0,669.9189189,mount0
10.5,0,998,0,0,0,665.2432432,mount0
11,0,998,0,0,0,660.2432432,mount0
11.5,0,998,0,0,0,659.2162162,mount0
12,0,998,0,0,0,662.2702703,mount0
12.5,0,998,0,0,0,665.1891892,mount0
13,0,998,0,0,0,666.5405405,mount0
13.5,0,998,0,0,0,668.4324324,mount0
14,0,998,0,0,0,671.0810811,mount0
14.5,0,998,0,0,0,678.4864865,mount0
15,0,998,0,0,0,682.6216216,mount0
15.5,0,998,0,0,0,686.1621622,mount0
16,0,998,0,0,0,688.2702703,mount0
16.5,0,998,0,0,0,688.4054054,mount0
17,0,998,0,0,0,684.2702703,mount0
17.5,0,998,0,0,0,680.972973,mount0
18,0,998,0,0,0,677.9189189,mount0
18.5,0,998,0,0,0,673.8918919,mount0
19,0,998,0,0,0,673.972973,mount0
19.5,0,998,0,0,0,672.5675676,mount0
20,0,998,0,0,0,670.4054054,mount0
20.5,0,998,0,0,0,669.8648649,mount0
21,0,999,0,0,0,669.7027027,mount0
21.5,0,998,0,0,0,670.4864865,mount0
22,0,998,0,0,0,671.8108108,mount0
22.5,0,998,0,0,0,675.5945946,mount0
23,0,998,0,0,0,671.9189189,mount0
23.5,0,998,0,0,0,670.1081081,mount0
24,0,998,0,0,0,670.3243243,mount0
24.5,0,998,0,0,0,669.3513514,mount0
25,0,998,0,0,0,665.2972973,mount0
25.5,0,998,0,0,0,667.027027,mount0
26,0,998,0,0,0,670.7027027,mount0
26.5,0,998,0,0,0,674.9459459,mount0
27,0,998,0,0,0,676.4324324,mount0
27.5,0,999,0,0,0,680.1891892,mount0
28,0,998,0,0,0,682.1081081,mount0
28.5,0,998,0,0,0,679.8378378,mount0
29,0,998,0,0,0,681.6756757,mount0
29.5,0,998,0,0,0,678.7027027,mount0
30,0,998,0,0,0,683.027027,mount0
30.5,0,999,0,0,0,686.1891892,mount0
31,0,998,0,0,0,683.5405405,mount0
31.5,0,998,0,0,0,688.3783784,mount0
32,0,998,0,0,0,687.9189189,mount0
32.5,0,998,0,0,0,685.5135135,mount0
33,0,983,0,0,0,681,mount0
33.5,0,923,0,0,0,683.1351351,mount0
34,0,876,0,0,0,679.2972973,mount0
34.5,0,845,0,0,0,676.7027027,mount0
35,0,821,0,0,0,676.027027,mount0
35.5,0,817,0,0,0,675.5945946,mount0
36,0,817,0,0,0,674.0540541,mount0
36.5,0,803,0,0,0,671.2972973,mount0
37,0,781,0,0,0,665.7837838,mount0
37.5,0,778,0,0,0,662.7837838,mount0
38,0,764,0,0,0,662.7297297,mount0
38.5,0,740,0,0,0,661.4864865,mount0
39,0,710,0,0,0,661.2432432,mount0
39.5,0,663,0,0,0,658.1081081,mount0
40,0,652,0,0,0,652.4324324,mount0
40.5,0,652,0,0,0,650.5135135,mount0
41,0,631,0,0,0,649.2702703,mount0
41.5,0,613,0,0,0,648.2702703,mount0
42,0,599,0,0,0,642.9189189,mount0
42.5,0,591,0,0,0,637.2972973,mount0
43,0,585,0,0,0,629.5405405,mount0
43.5,0,576,0,0,0,626.8108108,mount0
44,0,573,0,0,0,632.4594595,mount0
44.5,0,573,0,0,0,633.5945946,mount0
45,0,573,0,0,0,633.8378378,mount0
45.5,0,573,0,0,0,631.972973,mount0
46,0,573,0,0,0,628.7297297,mount0
46.5,0,573,0,0,0,623.1351351,mount0
47,0,573,0,0,0,610.1621622,mount0
47.5,0,573,0,0,0,596.4054054,mount0
48,0,573,0,0,0,580.3783784,mount0
48.5,0,573,0,0,0,567.0540541,mount0
49,0,573,0,0,0,557.3783784,mount0
49.5,0,573,0,0,0,542.2702703,mount0
50,0,573,0,0,0,520.4324324,mount0
50.5,0,573,0,0,0,509.3513514,mount0
51,0,573,0,0,0,498.3513514,mount0
51.5,0,573,0,0,0,495.3513514,mount0
52,0,573,0,0,0,502,mount0
52.5,0,573,0,0,0,507.9459459,mount0
53,0,573,0,0,0,517.3513514,mount0
53.5,0,573,0,0,0,528.1081081,mount0
54,0,570,0,0,0,543.4864865,mount0
54.5,0,550,0,0,0,547.7297297,mount0
55,0,514,0,0,0,557.7297297,mount0
55.5,0,493,0,0,0,568.7567568,mount0
56,0,493,0,0,0,578.8648649,mount0
56.5,0,485,0,0,0,583,mount0
57,0,478,0,0,0,585.8648649,mount0
57.5,0,477,0,0,0,585.7297297,mount0
58,0,478,0,0,0,582.2972973,mount0
58.5,0,477,0,0,0,585.3783784,mount0
59,0,477,0,0,0,586.1351351,mount0
59.5,0,477,0,0,0,586.7837838,mount0
60,0,477,0,0,0,594.6216216,mount0
60.5,0,478,0,0,0,595.5135135,mount0
61,0,478,0,0,0,598.5405405,mount0
61.5,0,477,0,0,0,604.2162162,mount0
62,0,477,0,0,0,604.8918919,mount0
62.5,0,478,0,0,0,606.5405405,mount0
63,0,477,0,0,0,607.5135135,mount0
63.5,0,477,0,0,0,610.7297297,mount0
64,0,478,0,0,0,612.4864865,mount0
64.5,0,477,0,0,0,617.2702703,mount0
65,0,477,0,0,0,620.1081081,mount0
65.5,0,477,0,0,0,624.027027,mount0
66,0,477,0,0,0,626.7837838,mount0
66.5,0,477,0,0,0,622.2702703,mount0
67,0,477,0,0,0,617.0540541,mount0
67.5,0,477,0,0,0,612.8378378,mount0
68,0,474,0,0,0,610.4054054,mount0
68.5,0,474,0,0,0,601.8918919,mount0
69,0,474,0,0,0,601.4864865,mount0
69.5,0,474,0,0,0,606.4864865,mount0
70,0,474,0,0,0,612.2162162,mount0
70.5,0,474,0,0,0,617,mount0
71,0,474,0,0,0,625.0810811,mount0
71.5,0,474,0,0,0,625.972973,mount0
72,0,474,0,0,0,631.7837838,mount0
72.5,0,474,0,0,0,634.1081081,mount0
73,0,474,0,0,0,634.0540541,mount0
73.5,0,474,0,0,0,637.6216216,mount0
74,0,474,0,0,0,636.7297297,mount0
74.5,0,474,0,0,0,639.0540541,mount0
75,0,474,0,0,0,638.3243243,mount0
75.5,0,474,0,0,0,640.2702703,mount0
76,0,474,0,0,0,633.4594595,mount0
76.5,0,474,0,0,0,631.2702703,mount0
77,0,474,0,0,0,625.1081081,mount0
77.5,0,474,0,0,0,617.3513514,mount0
78,0,474,0,0,0,614,mount0
78.5,0,474,0,0,0,612.5135135,mount0
79,0,474,0,0,0,610.5135135,mount0
79.5,0,474,0,0,0,609.9189189,mount0
80,0,476,0,0,0,609.3513514,mount0
80.5,0,482,0,0,0,606.8378378,mount0
81,0,496,0,0,0,606.8378378,mount0
81.5,0,500,0,0,0,610.4864865,mount0
82,0,506,0,0,0,608.3513514,mount0
82.5,0,506,0,0,0,601.4324324,mount0
83,0,512,0,0,0,596.5135135,mount0
83.5,0,525,0,0,0,592.4594595,mount0
84,0,538,0,0,0,588.2162162,mount0
84.5,0,547,0,0,0,578.8648649,mount0
85,0,551,0,0,0,563.7837838,mount0
85.5,0,551,0,0,0,559.1081081,mount0
86,0,551,0,0,0,560.027027,mount0
86.5,0,552,0,0,0,563.0540541,mount0
87,0,560,0,0,0,567.9459459,mount0
87.5,0,567,0,0,0,575.4864865,mount0
88,0,571,0,0,0,582.1621622,mount0
88.5,0,576,0,0,0,585.6486486,mount0
89,0,579,0,0,0,590.4324324,mount0
89.5,0,582,0,0,0,596.4864865,mount0
90,0,591,0,0,0,603.2702703,mount0
90.5,0,610,0,0,0,606.7297297,mount0
91,0,617,0,0,0,609.1081081,mount0
91.5,0,620,0,0,0,610.6486486,mount0
92,0,630,0,0,0,613.5405405,mount0
92.5,0,643,0,0,0,615.7297297,mount0
93,0,674,0,0,0,614.1621622,mount0
93.5,0,709,0,0,0,618.5135135,mount0
94,0,743,0,0,0,627.3783784,mount0
94.5,0,778,0,0,0,629.7027027,mount0
95,0,796,0,0,0,630.1621622,mount0
95.5,0,796,0,0,0,628.9189189,mount0
96,0,852,0,0,0,630.1621622,mount0
96.5,0,999,0,0,0,633.3513514,mount0
97,0,999,0,0,0,632.7027027,mount0
97.5,0,999,0,0,0,639.1351351,mount0
98,0,998,0,0,0,645.5135135,mount0
98.5,0,998,0,0,0,650,mount0
99,0,998,0,0,0,653.1081081,mount0
99.5,0,998,0,0,0,658.2162162,mount0
100,0,998,0,0,0,658.6756757,mount0
100.5,0,998,0,0,0,661.2972973,mount0
101,0,998,0,0,0,658.4324324,mount0
101.5,0,998,0,0,0,656.2432432,mount0
102,0,998,0,0,0,655.8108108,mount0
102.5,0,998,0,0,0,652.5675676,mount0
103,0,998,0,0,0,649.3243243,mount0
103.5,0,998,0,0,0,649.8918919,mount0
104,0,998,0,0,0,649.3783784,mount0
104.5,0,998,0,0,0,643.4864865,mount0
105,0,999,0,0,0,638.5945946,mount0
105.5,0,998,0,0,0,633.5945946,mount0
106,0,998,0,0,0,626.6216216,mount0
106.5,0,998,0,0,0,614.1621622,mount0
107,0,998,0,0,0,606.1351351,mount0
107.5,0,998,0,0,0,597.2162162,mount0
108,0,999,0,0,0,590.6756757,mount0
108.5,0,998,0,0,0,585.5135135,mount0
109,0,998,0,0,0,578.5405405,mount0
109.5,0,998,0,0,0,574.0540541,mount0
110,0,998,0,0,0,570.6756757,mount0
110.5,0,998,0,0,0,565.8918919,mount0
111,0,998,0,0,0,557.3783784,mount0
111.5,0,998,0,0,0,548.4054054,mount0
112,0,998,0,0,0,539.972973,mount0
112.5,0,998,0,0,0,532.6216216,mount0
113,0,998,0,0,0,529.5945946,mount0
113.5,0,999,0,0,0,525.1351351,mount0
114,0,998,0,0,0,516.2432432,mount0
114.5,0,998,0,0,0,506.5945946,mount0
115,0,998,0,0,0,506.8108108,mount0
115.5,0,998,0,0,0,508.7027027,mount0
116,0,998,0,0,0,511,mount0
116.5,0,998,0,0,0,513.6486486,mount0
117,0,998,0,0,0,515.1621622,mount0
117.5,0,998,0,0,0,512.2432432,mount0
118,0,998,0,0,0,514.5675676,mount0
118.5,0,998,0,0,0,520.7027027,mount0
119,0,998,0,0,0,524.1891892,mount0
119.5,0,906,0,0,0,534.3513514,mount0
120,0,750,0,0,0,545.4864865,mount0
0.5,0,587,0,0,0,547.2432432,mount2
1,0,998,0,0,0,546.7027027,mount2
1.5,0,998,0,0,0,548.7297297,mount2
2,0,998,0,0,0,550.0540541,mount2
2.5,0,998,0,0,0,565.5675676,mount2
3,0,999,0,0,0,581.3513514,mount2
3.5,0,998,0,0,0,578.4054054,mount2
4,0,998,0,0,0,580.3513514,mount2
4.5,0,998,0,0,0,579.2162162,mount2
5,0,999,0,0,0,578.972973,mount2
5.5,0,998,0,0,0,583.7027027,mount2
6,0,998,0,0,0,586.3783784,mount2
6.5,0,998,0,0,0,588.4054054,mount2
7,0,999,0,0,0,589.1621622,mount2
7.5,0,998,0,0,0,594.6756757,mount2
8,0,998,0,0,0,601.4054054,mount2
8.5,0,998,0,0,0,607.5945946,mount2
9,0,998,0,0,0,607.972973,mount2
9.5,0,998,0,0,0,610.1081081,mount2
10,0,998,0,0,0,612.1351351,mount2
10.5,0,998,0,0,0,614.3243243,mount2
11,0,998,0,0,0,617.2702703,mount2
11.5,0,998,0,0,0,616.4054054,mount2
12,0,998,0,0,0,609.5135135,mount2
12.5,0,998,0,0,0,607.8378378,mount2
13,0,998,0,0,0,611.1081081,mount2
13.5,0,999,0,0,0,613.2432432,mount2
14,0,999,0,0,0,612.8108108,mount2
14.5,0,998,0,0,0,613.4324324,mount2
15,0,998,0,0,0,616.027027,mount2
15.5,0,998,0,0,0,617.4864865,mount2
16,0,998,0,0,0,617.0810811,mount2
16.5,0,998,0,0,0,618.2972973,mount2
17,0,998,0,0,0,624.8648649,mount2
17.5,0,998,0,0,0,626.8108108,mount2
18,0,998,0,0,0,633.6486486,mount2
18.5,0,998,0,0,0,638.2162162,mount2
19,0,998,0,0,0,638.6486486,mount2
19.5,0,998,0,0,0,643.9189189,mount2
20,0,998,0,0,0,649,mount2
20.5,0,998,0,0,0,652.5675676,mount2
21,0,998,0,0,0,662.1351351,mount2
21.5,0,998,0,0,0,666.9459459,mount2
22,0,998,0,0,0,668.8108108,mount2
22.5,0,998,0,0,0,672.2702703,mount2
23,0,998,0,0,0,672.8918919,mount2
23.5,0,998,0,0,0,671.6756757,mount2
24,0,998,0,0,0,669.1351351,mount2
24.5,0,998,0,0,0,669.1891892,mount2
25,0,998,0,0,0,669.2702703,mount2
25.5,0,998,0,0,0,670,mount2
26,0,998,0,0,0,671.8648649,mount2
26.5,0,998,0,0,0,665.9189189,mount2
27,0,998,0,0,0,661.972973,mount2
27.5,0,999,0,0,0,659.2432432,mount2
28,0,998,0,0,0,656.5135135,mount2
28.5,0,998,0,0,0,656.5945946,mount2
29,0,998,0,0,0,652.2432432,mount2
29.5,0,998,0,0,0,649.5405405,mount2
30,0,998,0,0,0,644.1621622,mount2
30.5,0,998,0,0,0,636.5135135,mount2
31,0,998,0,0,0,620.8108108,mount2
31.5,0,998,0,0,0,612.3783784,mount2
32,0,998,0,0,0,609.7567568,mount2
32.5,0,998,0,0,0,608.7027027,mount2
33,0,998,0,0,0,606.8918919,mount2
33.5,0,998,0,0,0,612.2702703,mount2
34,0,998,0,0,0,621.1351351,mount2
34.5,0,998,0,0,0,632.8108108,mount2
35,0,998,0,0,0,640.1351351,mount2
35.5,0,998,0,0,0,644.0810811,mount2
36,0,999,0,0,0,646.3243243,mount2
36.5,0,998,0,0,0,648.7567568,mount2
37,0,998,0,0,0,645.7297297,mount2
37.5,0,998,0,0,0,641.6756757,mount2
38,0,998,0,0,0,640.027027,mount2
38.5,0,998,0,0,0,637.9459459,mount2
39,0,998,0,0,0,636.7297297,mount2
39.5,0,998,0,0,0,635.8918919,mount2
40,0,998,0,0,0,630.6216216,mount2
40.5,0,998,0,0,0,624.7837838,mount2
41,0,998,0,0,0,632.9189189,mount2
41.5,0,998,0,0,0,649.9459459,mount2
42,0,998,0,0,0,666.4054054,mount2
42.5,0,998,0,0,0,669.8648649,mount2
43,0,998,0,0,0,674.6486486,mount2
43.5,0,998,0,0,0,681.3783784,mount2
44,0,998,0,0,0,683.5135135,mount2
44.5,0,998,0,0,0,688.1351351,mount2
45,0,963,0,0,0,702.972973,mount2
45.5,0,902,1,0,0,724,mount2
46,0,866,1,0,0,754.4864865,mount2
46.5,0,839,1,0,0,769.7297297,mount2
47,0,821,1,0,0,782,mount2
47.5,0,805,1,0,0,789.9189189,mount2
48,0,795,1,0,0,796.5675676,mount2
48.5,0,781,1,0,0,798.972973,mount2
49,0,746,1,0,0,799.1351351,mount2
49.5,0,721,1,0,0,799.8108108,mount2
50,0,718,1,0,0,800.1621622,mount2
50.5,0,718,1,0,0,802.0810811,mount2
51,0,718,1,0,0,804.6486486,mount2
51.5,0,718,1,0,0,805.8648649,mount2
52,0,718,1,0,0,808.9189189,mount2
52.5,0,717,1,0,0,814.0810811,mount2
53,0,717,1,0,0,815.1081081,mount2
53.5,0,717,1,0,0,821.8918919,mount2
54,0,716,1,0,0,827.5675676,mount2
54.5,0,714,1,0,0,827.4324324,mount2
55,0,714,1,0,0,827.972973,mount2
55.5,0,713,1,0,0,822.4054054,mount2
56,0,713,1,0,0,816.2432432,mount2
56.5,0,713,1,0,0,815.7567568,mount2
57,0,713,1,0,0,816.3513514,mount2
57.5,0,713,1,0,0,816.2432432,mount2
58,0,713,1,0,0,816.1351351,mount2
58.5,0,713,1,0,0,814.1351351,mount2
59,0,713,1,0,0,807.4594595,mount2
59.5,0,713,1,0,0,797.7567568,mount2
60,0,713,1,0,0,789.3243243,mount2
60.5,0,713,1,0,0,788.7297297,mount2
61,0,713,1,0,0,781.9459459,mount2
61.5,0,713,1,0,0,774,mount2
62,0,713,1,0,0,763.8648649,mount2
62.5,0,713,1,0,0,753.4324324,mount2
63,0,713,0,0,0,746.0540541,mount2
63.5,0,711,0,0,0,737.7027027,mount2
64,0,704,0,0,0,725.027027,mount2
64.5,0,700,0,0,0,717.3243243,mount2
65,0,684,0,0,0,706.1891892,mount2
65.5,0,676,0,0,0,698.8108108,mount2
66,0,667,0,0,0,689.3513514,mount2
66.5,0,642,0,0,0,675.1621622,mount2
67,0,624,0,0,0,655.2972973,mount2
67.5,0,618,0,0,0,642.0810811,mount2
68,0,618,0,0,0,628.4054054,mount2
68.5,0,617,0,0,0,623.1891892,mount2
69,0,618,0,0,0,618.7837838,mount2
69.5,0,618,0,0,0,610.7297297,mount2
70,0,617,0,0,0,602.3243243,mount2
70.5,0,609,0,0,0,598.6486486,mount2
71,0,600,0,0,0,597.8108108,mount2
71.5,0,597,0,0,0,597.2162162,mount2
72,0,597,0,0,0,591.2162162,mount2
72.5,0,597,0,0,0,579.027027,mount2
73,0,597,0,0,0,568.8918919,mount2
73.5,0,597,0,0,0,558.2432432,mount2
74,0,597,0,0,0,556.4054054,mount2
74.5,0,597,0,0,0,558.7297297,mount2
75,0,597,0,0,0,563.1351351,mount2
75.5,0,597,0,0,0,561.4594595,mount2
76,0,597,0,0,0,564.3243243,mount2
76.5,0,597,0,0,0,567.1891892,mount2
77,0,597,0,0,0,567.1081081,mount2
77.5,0,597,0,0,0,560.7837838,mount2
78,0,597,0,0,0,555.8378378,mount2
78.5,0,597,0,0,0,549.5135135,mount2
79,0,597,0,0,0,534.2162162,mount2
79.5,0,597,0,0,0,534.5135135,mount2
80,0,597,0,0,0,549.5405405,mount2
80.5,0,597,0,0,0,554.5135135,mount2
81,0,596,0,0,0,550.2162162,mount2
81.5,0,579,0,0,0,545.6486486,mount2
82,0,570,0,0,0,544.1351351,mount2
82.5,0,559,0,0,0,548.5135135,mount2
83,0,558,0,0,0,547.4864865,mount2
83.5,0,558,0,0,0,545.6756757,mount2
84,0,558,0,0,0,542.1351351,mount2
84.5,0,558,0,0,0,540.027027,mount2
85,0,558,0,0,0,537.9459459,mount2
85.5,0,558,0,0,0,537.5135135,mount2
86,0,558,0,0,0,534,mount2
86.5,0,558,0,0,0,531.2972973,mount2
87,0,558,0,0,0,534.4324324,mount2
87.5,0,558,0,0,0,537.027027,mount2
88,0,550,0,0,0,540.8378378,mount2
88.5,0,544,0,0,0,543.4864865,mount2
89,0,532,0,0,0,543.027027,mount2
89.5,0,528,0,0,0,544.2162162,mount2
90,0,527,0,0,0,546.8918919,mount2
90.5,0,527,0,0,0,547.1351351,mount2
91,0,527,0,0,0,537.3783784,mount2
91.5,0,527,0,0,0,531.5405405,mount2
92,0,527,0,0,0,533.3243243,mount2
92.5,0,527,0,0,0,530,mount2
93,0,527,0,0,0,517.6756757,mount2
93.5,0,527,0,0,0,512.7027027,mount2
94,0,527,0,0,0,511.8648649,mount2
94.5,0,527,0,0,0,506.1081081,mount2
95,0,527,0,0,0,506.8648649,mount2
95.5,0,526,0,0,0,516.027027,mount2
96,0,525,0,0,0,521.3243243,mount2
96.5,0,521,0,0,0,528.6756757,mount2
97,0,518,0,0,0,533.972973,mount2
97.5,0,510,0,0,0,539.2702703,mount2
98,0,495,0,0,0,542.3513514,mount2
98.5,0,486,0,0,0,549.3513514,mount2
99,0,481,0,0,0,557.9459459,mount2
99.5,0,474,0,0,0,571.7837838,mount2
100,0,466,0,0,0,581.6756757,mount2
100.5,0,456,0,0,0,588.1621622,mount2
101,0,445,0,0,0,597.6216216,mount2
101.5,0,434,0,0,0,605.2432432,mount2
102,0,419,0,0,0,608.2432432,mount2
102.5,0,409,0,0,0,621.1891892,mount2
103,0,404,0,0,0,626.5135135,mount2
103.5,0,404,0,0,0,628.6486486,mount2
104,0,404,0,0,0,629.5405405,mount2
104.5,0,404,0,0,0,627.5945946,mount2
105,0,401,0,0,0,634.8918919,mount2
105.5,0,400,0,0,0,636.3243243,mount2
106,0,400,0,0,0,636.2972973,mount2
106.5,0,401,0,0,0,636,mount2
107,0,401,0,0,0,637.7567568,mount2
107.5,0,401,0,0,0,639.2972973,mount2
108,0,401,0,0,0,638.5675676,mount2
108.5,0,401,0,0,0,636.9459459,mount2
109,0,401,0,0,0,635.972973,mount2
109.5,0,401,0,0,0,635.8108108,mount2
110,0,401,0,0,0,636.2972973,mount2
110.5,0,401,0,0,0,635.7297297,mount2
111,0,401,0,0,0,634.1081081,mount2
111.5,0,401,0,0,0,632.5405405,mount2
112,0,401,0,0,0,630.1081081,mount2
112.5,0,401,0,0,0,624.972973,mount2
113,0,401,0,0,0,620.4324324,mount2
113.5,0,401,0,0,0,611.3783784,mount2
114,0,401,0,0,0,603.4054054,mount2
114.5,0,0,0,0,0,0,mount2
115,0,0,0,0,0,0,mount2
115.5,0,0,0,0,0,0,mount2
116,0,0,0,0,0,0,mount2
116.5,0,0,0,0,0,0,mount2
117,0,0,0,0,0,0,mount2
117.5,0,0,0,0,0,0,mount2
118,0,0,0,0,0,0,mount2
118.5,0,0,0,0,0,0,mount2
119,0,0,0,0,0,0,mount2
119.5,0,0,0,0,0,0,mount2
120,0,0,0,0,0,0,mount2
